<?xml version="1.0" encoding="UTF-8"?>
<jcr:root xmlns:sling="http://sling.apache.org/jcr/sling/1.0" xmlns:jcr="http://www.jcp.org/jcr/1.0" xmlns:nt="http://www.jcp.org/jcr/nt/1.0"
    jcr:primaryType="nt:unstructured">
    <jcr:content jcr:primaryType="nt:unstructured">
        <sidepanels jcr:primaryType="nt:unstructured">
            <edit jcr:primaryType="nt:unstructured">
                <items jcr:primaryType="nt:unstructured">
                    <assetsTab jcr:primaryType="nt:unstructured">
                        <items jcr:primaryType="nt:unstructured">
                            <filterPanel jcr:primaryType="nt:unstructured">
                                <items jcr:primaryType="nt:unstructured">
                                    <search jcr:primaryType="nt:unstructured">
                                        <items jcr:primaryType="nt:unstructured">
                                            <searchpanel2 jcr:primaryType="nt:unstructured">
                                                <items jcr:primaryType="nt:unstructured">
                                                    <flickrfilters
                                                        jcr:primaryType="nt:unstructured"
                                                        sling:resourceType="granite/ui/components/foundation/include"
                                                        path="cq/gui/content/facets/flickr"/>
                                                </items>
                                            </searchpanel2>
                                        </items>
                                    </search>
                                </items>
                            </filterPanel>
                        </items>
                    </assetsTab>
                </items>
            </edit>
        </sidepanels>
    </jcr:content>
</jcr:root>
