<?xml version="1.0" encoding="UTF-8"?>
<jcr:root xmlns:sling="http://sling.apache.org/jcr/sling/1.0" xmlns:cq="http://www.day.com/jcr/cq/1.0" xmlns:jcr="http://www.jcp.org/jcr/1.0" xmlns:nt="http://www.jcp.org/jcr/nt/1.0"
    jcr:primaryType="nt:unstructured"
    jcr:title="Have Questions"
    sling:resourceType="cq/gui/components/authoring/dialog">
    <content
        jcr:primaryType="nt:unstructured"
        sling:resourceType="granite/ui/components/foundation/container">
        <items jcr:primaryType="nt:unstructured">
            <column
                jcr:primaryType="nt:unstructured"
                sling:resourceType="granite/ui/components/coral/foundation/container">
                <items jcr:primaryType="nt:unstructured">
                    <header
                        jcr:primaryType="nt:unstructured"
                        sling:resourceType="granite/ui/components/coral/foundation/form/textfield"
                        fieldDescription="Installation Label"
                        fieldLabel="Installation Header"
                        name="./header"/>
                    <installationdocmtlink
                        jcr:primaryType="nt:unstructured"
                        sling:resourceType="granite/ui/components/coral/foundation/form/multifield"
                        composite="{Boolean}true"
                        fieldLabel="installationdocmtlink">
                        <field
                            jcr:primaryType="nt:unstructured"
                            sling:resourceType="granite/ui/components/coral/foundation/container"
                            name="./installationdocmtlink">
                            <items jcr:primaryType="nt:unstructured">
                                <column
                                    jcr:primaryType="nt:unstructured"
                                    sling:resourceType="granite/ui/components/coral/foundation/container">
                                    <items jcr:primaryType="nt:unstructured">
                                        <Installationdocumentlink
                                            jcr:primaryType="nt:unstructured"
                                            sling:resourceType="cq/gui/components/coral/common/form/pagefield"
                                            fieldDescription="Installationdocument Link"
                                            fieldLabel="Installationdocument Link"
                                            name="./installationdocumentLink"
                                            rootPath="/content"/>
                                    </items>
                                </column>
                            </items>
                        </field>
                    </installationdocmtlink>
                </items>
            </column>
        </items>
    </content>
</jcr:root>
